"<ID|readonly|noverify>";"<English>"
#
"itp_m1_shop";"ITP (M-1)"
"itp_m1_0";"N. Polikarpov OKB
Istrebitel Tyazholiy Pushechniy (ITP)
M-1 Prototype | 1942"
"itp_m1_1";"ITP (M-1)"
"itp_m1_2";"ITP (M-1)"
#
"tis_ma_shop";"TIS (MA)"
"tis_ma_0";"N. Polikarpov OKB
Tyazholyy Istrebitel' Soprovozhdeniya (TIS)
MA Prototype | 1941"
"tis_ma_1";"TIS (MA)"
"tis_ma_2";"TIS (MA)"
#
"il_8_1944_shop";"Il-8 Sturmovik (1944)"
"il_8_1944_0";"OKB-39 ""Ilyushin""
Il-8 Sturmovik | Obrazets 1944"
"il_8_1944_1";"Il-8 Sturmovik (1944)"
"il_8_1944_2";"Il-8 (1944)"
#
"yak-3_eremin_shop";"Yak-3  (1944) [Eremin]"
"yak-3_eremin_0";"OKB-115 ""Yakovlev""
Eremin's Yak-3 | Obrazets 1944"
"yak-3_eremin_1";"Yak-3  (1944) [Eremin]"
"yak-3_eremin_2";"Yak-3 (1944) [Eremin]"
#
"b_25j_30_vvs_ussr_shop";"☭B-25J-30 Mitchell"
"b_25j_30_vvs_ussr_0";"☭North American Aviation | B-25J-30 Mitchell | Block 30"
"b_25j_30_vvs_ussr_1";"☭B-25J-30 Mitchell"
"b_25j_30_vvs_ussr_2";"☭B-25J-30"
#
"p-47d_ussr_shop";"☭P-47D-27 Thunderbolt"
"p-47d_ussr_0";"☭Republic Aviation Corporation | P-47D-27 Thunderbolt | Block 27"
"p-47d_ussr_1";"☭P-47D-27 Thunderbolt"
"p-47d_ussr_2";"☭P-47D-27"
#
"p-63a-5_ussr_shop";"☭P-63A-5 Kingcobra"
"p-63a-5_ussr_0";"☭Bell Aircraft Corporation | P-63A-5 Kingcobra | Block 5"
"p-63a-5_ussr_1";"☭P-63A-5 Kingcobra"
"p-63a-5_ussr_2";"☭P-63A-5"
#
"p-63c-5_ussr_shop";"☭P-63C-5 Kingcobra"
"p-63c-5_ussr_0";"☭Bell Aircraft Corporation | P-63C-5 Kingcobra | Block 5"
"p-63c-5_ussr_1";"☭P-63C-5 Kingcobra"
"p-63c-5_ussr_2";"☭P-63C-5"
#
"a_20g_30_ussr_shop";"☭A-20G-30 Havoc"
"a_20g_30_ussr_0";"☭Douglas Aircraft Company | A-20G-30 Havoc | Block 30"
"a_20g_30_ussr_1";"☭A-20G-30 Havoc"
"a_20g_30_ussr_2";"☭A-20G-30"
#
"i_185_m71_standard_shop";"I-185 (1942)"
"i_185_m71_standard_0";"N. Polikarpov OKB
I-185 | Obrazets 1942
Shvetsov M-71 Engine"
"i_185_m71_standard_1";"I-185 (1942)"
"i_185_m71_standard_2";"I-185 (1942)"
#
"i_185_m82_shop";"I-185 (1940)"
"i_185_m82_0";"N. Polikarpov OKB
I-185 | Obrazets 1940
Shvetsov M-82 Engine"
"i_185_m82_1";"I-185 (1940)"
"i_185_m82_2";"I-185 (1940)"
#
"la-5fn_shop";"La-5FN"
"la-5fn_0";"OKB-301 ""Lavochkin"" | La-5FN"
"la-5fn_1";"La-5FN"
"la-5fn_2";"La-5FN"
#
"il_2m_1943_shop";"Il-2M Sturmovik (1943)"
"il_2m_1943_0";"OKB-39 ""Ilyushin"" | Il-2M Sturmovik | Obrazets 1943"
"il_2m_1943_1";"Il-2M Sturmovik (1943)"
"il_2m_1943_2";"Il-2M (1943)"
#
"il-2m_mstitel_shop";"Il-2M Sturmovik ""Mstitel"""
"il-2m_mstitel_0";"OKB-39 ""Ilyushin"" | Il-2M Sturmovik ""Мstitel"""
"il-2m_mstitel_1";"Il-2M Sturmovik ""Mstitel"""
"il-2m_mstitel_2";"Il-2M ""Мstitel"""
#
"il-2m_shop";"Il-2M3 Sturmovik"
"il-2m_0";"OKB-39 ""Ilyushin"" | Il-2M3 Sturmovik"
"il-2m_1";"Il-2M3 Sturmovik"
"il-2m_2";"Il-2M3"
#
"er-2_m105r_lu2b_shop";"Yer-2 LU-MV-2B"
"er-2_m105r_lu2b_0";"OKB-240 ""Yermolaev"" | Yer-2 LU-MV-2B | Obrazets 1941"
"er-2_m105r_lu2b_1";"Yer-2 LU-MV-2B"
"er-2_m105r_lu2b_2";"Yer-2 LU-MV-2B"
#
"er-2_m105_mv3_shop";"Yer-2 MV-3"
"er-2_m105_mv3_0";"OKB-240 ""Yermolaev"" | Yer-2 MV-3 | Obrazets 1940"
"er-2_m105_mv3_1";"Yer-2 MV-3"
"er-2_m105_mv3_2";"Yer-2 MV-3"
#
"pe-2-31_shop";"Pe-2-31 Peshka"
"pe-2-31_0";"NKVD Central Design Bureau №29 | Pe-2-31 Peshka"
"pe-2-31_1";"Pe-2-31 Peshka"
"pe-2-31_2";"Pe-2-31"
#
"pe-2-83_shop";"Pe-2-83 Peshka"
"pe-2-83_0";"NKVD Central Design Bureau №29 | Pe-2-83 Peshka"
"pe-2-83_1";"Pe-2-83 Peshka"
"pe-2-83_2";"Pe-2-83"
#
"pe-2-110_shop";"Pe-2-110 Peshka"
"pe-2-110_0";"NKVD Central Design Bureau №29 | Pe-2-110 Peshka"
"pe-2-110_1";"Pe-2-110 Peshka"
"pe-2-110_2";"Pe-2-110"
#
"pe-2-205_shop";"Pe-2-205 Peshka"
"pe-2-205_0";"NKVD Central Design Bureau №29 | Pe-2-205 Peshka"
"pe-2-205_1";"Pe-2-205 Peshka"
"pe-2-205_2";"Pe-2-205"
#
"pe-2-359_shop";"Pe-2-359 Peshka"
"pe-2-359_0";"NKVD Central Design Bureau №29 | Pe-2-359 Peshka"
"pe-2-359_1";"Pe-2-359 Peshka"
"pe-2-359_2";"Pe-2-359"
#
"pe-2_shop";"Pe-2 Peshka"
"pe-2_0";"NKVD Central Design Bureau №29 | Pe-2 Peshka"
"pe-2_1";"Pe-2 Peshka"
"pe-2_2";"Pe-2"
#
"pe-8_m82_shop";"Pe-8"
"pe-8_m82_0";"NKVD Central Design Bureau №29 | Pe-8"
"pe-8_m82_1";"Pe-8"
"pe-8_m82_2";"Pe-8"
#
"er-2_ach30b_late_shop";"Yer-2 (1941)"
"er-2_ach30b_late_0";"OKB-240 ""Yermolaev""
Yer-2 | Obrazets 1941"
"er-2_ach30b_late_1";"Yer-2 (1941)"
"er-2_ach30b_late_2";"Yer-2 (1941)"
#
"er-2_ach30b_early_shop";"Yer-2 (1940)"
"er-2_ach30b_early_0";"OKB-240 ""Yermolaev""
Yer-2 | Obrazets 1940"
"er-2_ach30b_early_1";"Yer-2 (1940)"
"er-2_ach30b_early_2";"Yer-2 (1940)"
#
"yak-9t_shop";"Yak-9T "
"yak-9t_0";"OKB-115 ""Yakovlev"" | Yak-9T"
"yak-9t_1";"Yak-9T "
"yak-9t_2";"Yak-9T"
#
"yak-9k_shop";"Yak-9K "
"yak-9k_0";"OKB-115 ""Yakovlev"" | Yak-9K"
"yak-9k_1";"Yak-9K "
"yak-9k_2";"Yak-9K"
#
"yak-3_shop";"Yak-3 (1944)"
"yak-3_0";"OKB-115 ""Yakovlev"" | Yak-3 | Obrazets 1944"
"yak-3_1";"Yak-3  (1944)"
"yak-3_2";"Yak-3 (1944)"
#
"yak-9u_shop";"Yak-9U "
"yak-9u_0";"OKB-115 ""Yakovlev"" | Yak-9U"
"yak-9u_1";"Yak-9U "
"yak-9u_2";"Yak-9U"
#
"su-8_shop";"Su-8 DDBSh"
"su-8_0";"OKB-51 ""Sukhoi"" | Su-8 | Dvukhmotornyy Dvukhmestnyy Bronirovannyy Shturmovik"
"su-8_1";"Su-8 DDBSh"
"su-8_2";"Su-8"
#
"be_6_shop";"Be-6 Madge"
"be_6_0";"OKB-49 ""Beriev"" | Be-6 Madge"
"be_6_1";"Be-6 Madge"
"be_6_2";"Be-6"
#
"yak-3p_shop";"Yak-3P"
"yak-3p_0";"OKB-115 ""Yakovlev"" | Yak-3P"
"yak-3p_1";"Yak-3P "
"yak-3p_2";"Yak-3P"
#
"yak-9p_shop";"Yak-9P"
"yak-9p_0";"OKB-115 ""Yakovlev"" | Yak-9P"
"yak-9p_1";"Yak-9P "
"yak-9p_2";"Yak-9P"
#
"yak-3u_shop";"Yak-3U"
"yak-3u_0";"OKB-115 ""Yakovlev"" | Yak-3U"
"yak-3u_1";"Yak-3U "
"yak-3u_2";"Yak-3U"
#
"yak-9ut_shop";"Yak-9UT"
"yak-9ut_0";"OKB-115 ""Yakovlev"" | Yak-9UT"
"yak-9ut_1";"Yak-9UT "
"yak-9ut_2";"Yak-9UT"
#
"i_225_shop";"I-225"
"i_225_0";"OKB-155 ""Mikoyan i Gurevich"" | I-225"
"i_225_1";"I-225"
"i_225_2";"I-225"
#
"la-9_shop";"La-9"
"la-9_0";"OKB-301 ""Lavochkin"" | La-9"
"la-9_1";"La-9"
"la-9_2";"La-9"
#
"la-7_shop";"La-7 (1944)"
"la-7_0";"OKB-301 ""Lavochkin"" | La-7 | Obrazets 1944"
"la-7_1";"La-7 (1944)"
"la-7_2";"La-7 (1944)"
#
"la-7b-20_shop";"La-7 (1945)"
"la-7b-20_0";"OKB-301 ""Lavochkin"" | La-7 | Obrazets 1945"
"la-7b-20_1";"La-7 (1945)"
"la-7b-20_2";"La-7 (1945)"
#
"su-6_m71_shop";"Su-6 (1943)"
"su-6_m71_0";"OKB-51 ""Sukhoi""
Su-6
Third Prototype | 1943
Shvetsov M-71 Engine"
"su-6_m71_1";"Su-6 (1943)"
"su-6_m71_2";"Su-6 (1943)"
#
"su-6_am42_shop";"Su-6 (1944)"
"su-6_am42_0";"OKB-51 ""Sukhoi""
Su-6
Third Prototype | 1944
Mikulin AM-42 Engine"
"su-6_am42_1";"Su-6 (1944)"
"su-6_am42_2";"Su-6 (1944)"
#
"su_6_single_shop";"Su-6 (1942)"
"su_6_single_0";"OKB-51 ""Sukhoi""
Su-6
Second Prototype | 1942"
"su_6_single_1";"Su-6 (1942)"
"su_6_single_2";"Su-6 (1942)"
#
"il-10_shop";"Il-10 Beast"
"il-10_0";"OKB-39 ""Ilyushin"" | Il-10 Beast"
"il-10_1";"Il-10 Beast"
"il-10_2";"Il-10"
#
"il-10_1946_shop";"Il-10 Beast (1946)"
"il-10_1946_0";"OKB-39 ""Ilyushin"" | Il-10 Beast | Obrazets 1946"
"il-10_1946_1";"Il-10 Beast (1946)"
"il-10_1946_2";"Il-10 (1946)"
#
"tu-2_shop";"Tu-2S"
"tu-2_0";"OKB-156 ""Tupolev"" | Tu-2S"
"tu-2_1";"Tu-2S"
"tu-2_2";"Tu-2S"
#
"tu-2_early_shop";"Tu-2"
"tu-2_early_0";"OKB-156 ""Tupolev"" | Tu-2"
"tu-2_early_1";"Tu-2"
"tu-2_early_2";"Tu-2"
#
"tu-2_postwar_shop";"Tu-2S-44"
"tu-2_postwar_0";"OKB-156 ""Tupolev"" | Tu-2S-44"
"tu-2_postwar_1";"Tu-2S-44"
"tu-2_postwar_2";"Tu-2S-44"
#
"tu-2_postwar_late_shop";"Tu-2S-59"
"tu-2_postwar_late_0";"OKB-156 ""Tupolev"" | Tu-2S-59"
"tu-2_postwar_late_1";"Tu-2S-59"
"tu-2_postwar_late_2";"Tu-2S-59"
#
"yak-3_vk107_shop";"Yak-3 (1945)"
"yak-3_vk107_0";"OKB-115 ""Yakovlev"" | Yak-3 | Obrazets 1945"
"yak-3_vk107_1";"Yak-3 (1945)"
"yak-3_vk107_2";"Yak-3 (1945)"
#
"bi_shop";"BI-1"
"bi_0";"Bereznyak-Isayev | BI-1"
"bi_1";"BI-1"
"bi_2";"BI-1"
#
"tu_4_shop";"Tu-4 Bull"
"tu_4_0";"OKB-156 ""Tupolev""
Tu-4
NATO Designation: Bull"
"tu_4_1";"Tu-4 Bull"
"tu_4_2";"Tu-4"
#
"tu_4_killstreak_shop";"☢Tu-4 Bull"
"tu_4_killstreak_0";"OKB-156 ""Tupolev""
☢Tu-4
NATO Designation: Bull"
"tu_4_killstreak_1";"☢Tu-4 Bull"
"tu_4_killstreak_2";"☢Tu-4"
#
"tu_14t_shop";"Tu-14T Bosun"
"tu_14t_0";"OKB-156 ""Tupolev""
Tu-14T
NATO Designation: Bosun"
"tu_14t_1";"Tu-14T Bosun"
"tu_14t_2";"Tu-14T"
#
"su_27_shop";"Su-27S Flanker-B"
"su_27_0";"OKB-51 ""Sukhoi""
Su-27S
NATO Designation: Flanker-B"
"su_27_1";"Su-27S Flanker-B"
"su_27_2";"Su-27S"
#
"su_27sm_shop";"Su-27SM1 Flanker-J"
"su_27sm_0";"PAO Kompaniya ""Sukhoi""
Su-27SM1
NATO Designation: Flanker-J"
"su_27sm_1";"Su-27SM1 Flanker-J"
"su_27sm_2";"Su-27SM1"
#
"su_30sm_shop";"Su-30SM Flanker-H"
"su_30sm_0";"PAO Kompaniya ""Sukhoi""
Su-30SM
NATO Designation: Flanker-H"
"su_30sm_1";"Su-30SM Flanker-H"
"su_30sm_2";"Su-30SM"
#
"su_33_shop";"Su-33 Flanker-D"
"su_33_0";"PAO Kompaniya ""Sukhoi""
Su-33
NATO Designation: Flanker-D"
"su_33_1";"Su-33 Flanker-D"
"su_33_2";"Su-33"
#
"mig_23mld_shop";"MiG-23MLD Flogger-K"
"mig_23mld_0";"<color=@linkTextHoverColorLight>OKB-155 ""A.I. Mikoyana""</color>
<color=@userlogColoredText>MiG-23MLD</color> | Izdeliye 23-18
<color=@commonTextColor>NATO Designation</color>: Flogger-K "
"mig_23mld_1";"MiG-23MLD Flogger-K"
"mig_23mld_2";"MiG-23MLD"
#
"mig_23ml_shop";"MiG-23MLA Flogger-G"
"mig_23ml_0";"OKB-155 ""A.I. Mikoyana""
MiG-23MLA | Izdeliye 23-12A
NATO Designation: Flogger-G "
"mig_23ml_1";"MiG-23MLA Flogger-G"
"mig_23ml_2";"MiG-23MLA"
#
"mig_29_9_13_shop";"MiG-29A Fulcrum-C"
"mig_29_9_13_0";"OKB-155 ""A.I. Mikoyana""
MiG-29A | Izdeliye 9-13
NATO Designation: Fulcrum-C "
"mig_29_9_13_1";"MiG-29A Fulcrum-C"
"mig_29_9_13_2";"MiG-29A"
#
"mig_29smt_9_19_shop";"MiG-29SMT Fulcrum-E"
"mig_29smt_9_19_0";"RSO Korporatsiya ""MiG""
MiG-29SMT | Izdeliye 9-19
NATO Designation: Fulcrum-E "
"mig_29smt_9_19_1";"MiG-29SMT Fulcrum-E"
"mig_29smt_9_19_2";"MiG-29SMT"
#
"mig_29smt_9_19_missile_test_shop";"MiG-29SMT Fulcrum-E"
"mig_29smt_9_19_missile_test_0";"RSO Korporatsiya ""MiG""
MiG-29SMT | Izdeliye 9-19
NATO Designation: Fulcrum-E"
"mig_29smt_9_19_missile_test_1";"MiG-29SMT Fulcrum-E"
"mig_29smt_9_19_missile_test_2";"MiG-29SMT"
#
"su_25_shop";"Su-25 Grach"
"su_25_0";"OKB-51 ""Sukhoi""
Su-25 Grach
NATO Designation: Frogfoot"
"su_25_1";"Su-25 Grach"
"su_25_2";"Su-25"
#
"su_25k_shop";"Su-25K Grach"
"su_25k_0";"OKB-51 ""Sukhoi""
Su-25K Grach
NATO Designation: Frogfoot"
"su_25k_1";"Su-25K Grach"
"su_25k_2";"Su-25K"
#
"su_25t_shop";"Su-25T Grach"
"su_25t_0";"OKB-51 ""Sukhoi""
Su-25T Grach
NATO Designation: Frogfoot"
"su_25t_1";"Su-25T Grach"
"su_25t_2";"Su-25T"
#
"su_25tm_shop";"Su-25TM Grach"
"su_25tm_0";"PAO Kompaniya ""Sukhoi""
Su-25TM Grach
NATO Designation: Frogfoot"
"su_25tm_1";"Su-25TM Grach"
"su_25tm_2";"Su-25TM"
#
"su_25_558arz_shop";"Su-25BM Grach"
"su_25_558arz_0";"OAO 558 Aviaremontnyy Zavod
Su-25BM Grach
NATO Designation: Frogfoot"
"su_25_558arz_1";"Su-25BM Grach"
"su_25_558arz_2";"Su-25BM"
#
"su_25sm3_shop";"Su-25SM3 Grach"
"su_25sm3_0";"PAO Kompaniya ""Sukhoi""
Su-25SM3 Grach
NATO Designation: Frogfoot"
"su_25sm3_1";"Su-25SM3 Grach"
"su_25sm3_2";"Su-25SM3"
#
"mig_23m_shop";"MiG-23M Flogger-B"
"mig_23m_0";"OKB-155 ""A.I. Mikoyana""
MiG-23M | Izdeliye 23-11M
NATO Designation: Flogger-B"
"mig_23m_1";"MiG-23M Flogger-B"
"mig_23m_2";"MiG-23M"
#
"mig-21_smt_shop";"MiG-21SMT Fishbed-K"
"mig-21_smt_0";"OKB-155 ""A.I. Mikoyana""
MiG-21SMT | Izdeliye 50
NATO Designation: Fishbed-K "
"mig-21_smt_1";"MiG-21SMT Fishbed-K"
"mig-21_smt_2";"MiG-21SMT"
#
"mig-21_s_shop";"MiG-21SM Fishbed-J"
"mig-21_s_0";"OKB-155 ""A.I. Mikoyana""
MiG-21SM | Izdeliye 95M
NATO Designation: Fishbed-J"
"mig-21_s_1";"MiG-21SM Fishbed-J"
"mig-21_s_2";"MiG-21SM"
#
"mig-21_bis_shop";"MiG-21bis Fishbed-L"
"mig-21_bis_0";"OKB-155 ""A.I. Mikoyana""
MiG-21bis | Izdeliye 75A
NATO Designation: Fishbed-L"
"mig-21_bis_1";"MiG-21bis Fishbed-L"
"mig-21_bis_2";"MiG-21bis"
#
"mig-21_pfm_shop";"MiG-21PFM Fishbed-D"
"mig-21_pfm_0";"OKB-155 ""A.I. Mikoyana""
MiG-21PFM | Izdeliye 94
NATO Designation: Fishbed-D"
"mig-21_pfm_1";"MiG-21PFM Fishbed-D"
"mig-21_pfm_2";"MiG-21PFM"
#
"su-7b_shop";"Su-7B Fitter-A"
"su-7b_0";"OKB-51 ""Sukhoi""
Su-7B
NATO Designation: Fitter-A"
"su-7b_1";"Su-7B Fitter-A"
"su-7b_2";"Su-7B"
#
"su-7bkl_shop";"Su-7BKL Fitter-A"
"su-7bkl_0";"OKB-51 ""Sukhoi""
Su-7BKL
NATO Designation: Fitter-A"
"su-7bkl_1";"Su-7BKL Fitter-A"
"su-7bkl_2";"Su-7BKL"
#
"su-7bmk_shop";"Su-7BMK Fitter-A"
"su-7bmk_0";"OKB-51 ""Sukhoi""
Su-7BMK
NATO Designation: Fitter-A"
"su-7bmk_1";"Su-7BMK Fitter-A"
"su-7bmk_2";"Su-7BMK"
#
"su_17m2_shop";"Su-17M2 Fitter-D"
"su_17m2_0";"OKB-51 ""Sukhoi""
Su-17M2
NATO Designation: Fitter-D"
"su_17m2_1";"Su-17M2 Fitter-D"
"su_17m2_2";"Su-17M2"
#
"su_17m4_shop";"Su-17M4 Fitter-K"
"su_17m4_0";"OKB-51 ""Sukhoi""
Su-17M4
NATO Designation: Fitter-K"
"su_17m4_1";"Su-17M4 Fitter-K"
"su_17m4_2";"Su-17M4"
#
"su_22m3_shop";"Su-22M3 Fitter-G"
"su_22m3_0";"OKB-51 ""Sukhoi""
Su-22M3
NATO Designation: Fitter-G"
"su_22m3_1";"Su-22M3 Fitter-G"
"su_22m3_2";"Su-22M3"
#
"su_24m_shop";"Su-24M Fencer-D"
"su_24m_0";"<color=@linkTextHoverColorLight>PAO Kompaniya ""Sukhoi""</color>
<color=@userlogColoredText>Su-24M</color>
<color=@commonTextColor>NATO Designation</color>: Fencer-D"
"su_24m_1";"Su-24M Fencer-D"
"su_24m_2";"Su-24M"
#
"su_34_shop";"Su-34NVO Utenok"
"su_34_0";"PAO Kompaniya ""Sukhoi""
Su-34NVO Utenok
NATO Designation: Fullback"
"su_34_1";"Su-34NVO Utenok"
"su_34_2";"Su-34NVO"
#
"mig-19pt_shop";"MiG-19PT Farmer-B"
"mig-19pt_0";"OKB-155
MiG-19PT
NATO Designation: Farmer-B"
"mig-19pt_1";"MiG-19PT Farmer-B"
"mig-19pt_2";"MiG-19PT"
#
"mig-21_f13_shop";"MiG-21F-13 Fishbed-C"
"mig-21_f13_0";"OKB-155
MiG-21F-13 | Izdeliye 74
NATO Designation: Fishbed-C "
"mig-21_f13_1";"MiG-21F-13 Fishbed-C"
"mig-21_f13_2";"MiG-21F-13"
#
"yak-30d_shop";"Yak-30D"
"yak-30d_0";"OKB-115 ""Yakovlev"" | Yak-30D"
"yak-30d_1";"Yak-30D"
"yak-30d_2";"Yak-30D"
#
"yak-38_shop";"Yak-38 Forger"
"yak-38_0";"OKB-115 ""Yakovlev""
Yak-38
NATO Designation: Forger"
"yak-38_1";"Yak-38 Forger"
"yak-38_2";"Yak-38"
#
"yak-38m_shop";"Yak-38M Forger-A"
"yak-38m_0";"OKB-115 ""Yakovlev""
Yak-38M
NATO Designation: Forger-A"
"yak-38m_1";"Yak-38M Forger-A"
"yak-38m_2";"Yak-38M"
#
"yak-28b_shop";"Yak-28B Brewer-A"
"yak-28b_0";"OKB-115 ""Yakovlev""
Yak-28B
NATO Designation: Brewer-A"
"yak-28b_1";"Yak-28B Brewer-A"
"yak-28b_2";"Yak-28B"
#
"yak_141_shop";"Yak-141 Freestyle"
"yak_141_0";"OKB-115 ""Yakovlev""
Yak-141
NATO Designation: Freestyle"
"yak_141_1";"Yak-141 Freestyle"
"yak_141_2";"Yak-141"
#
"mig-17_shop";"MiG-17 Fresco-A"
"mig-17_0";"OKB-155
MiG-17
NATO Designation: Fresco-A"
"mig-17_1";"MiG-17 Fresco-A"
"mig-17_2";"MiG-17"
#
"mig-17_cuba_shop";"MiG-17AS Fresco-A"
"mig-17_cuba_0";"OKB-155
MiG-17AS
NATO Designation: Fresco-A"
"mig-17_cuba_1";"MiG-17AS Fresco-A"
"mig-17_cuba_2";"MiG-17AS"
#
"mig-15_ns23_shop";"MiG-15 Fagot-A"
"mig-15_ns23_0";"OKB-155
MiG-15
NATO Designation: Fagot-A"
"mig-15_ns23_1";"MiG-15 Fagot-A"
"mig-15_ns23_2";"MiG-15"
#
"mig-15_shop";"MiG-15bis Fagot-B"
"mig-15_0";"OKB-155
MiG-15bis
NATO Designation: Fagot-B"
"mig-15_1";"MiG-15bis Fagot-B"
"mig-15_2";"MiG-15bis"
#
"mig-15bis_ish_shop";"MiG-15ISh Fagot-B"
"mig-15bis_ish_0";"OKB-155
MiG-15ISh
NATO Designation: Fagot-B"
"mig-15bis_ish_1";"MiG-15ISh Fagot-B"
"mig-15bis_ish_2";"MiG-15ISh"
#
"yak-23_shop";"Yak-23 Flora"
"yak-23_0";"OKB-115 ""Yakovlev""
Yak-23
NATO Designation: Flora"
"yak-23_1";"Yak-23 Flora"
"yak-23_2";"Yak-23"
#
"yak-15_shop";"Yak-15 Feather"
"yak-15_0";"OKB-115 ""Yakovlev""
Yak-15
NATO Designation: Feather"
"yak-15_1";"Yak-15 Feather"
"yak-15_2";"Yak-15"
#
"yak-15_early_shop";"Yak-15-RD10 Feather"
"yak-15_early_0";"OKB-115 ""Yakovlev""
Yak-15 | RD10 Engines
NATO Designation: Feather"
"yak-15_early_1";"Yak-15-RD10 Feather"
"yak-15_early_2";"Yak-15-RD10"
#
"yak-17_shop";"Yak-17 Feather"
"yak-17_0";"OKB-115 ""Yakovlev""
Yak-17
NATO Designation: Feather"
"yak-17_1";"Yak-17 Feather"
"yak-17_2";"Yak-17"
#
"mig-9_shop";"MiG-9 Fargo"
"mig-9_0";"OKB-155
MiG-9
NATO Designation: Fargo"
"mig-9_1";"MiG-9 Fargo"
"mig-9_2";"MiG-9"
#
"mig-9_ussr_shop";"MiG-9 Fargo (1948)"
"mig-9_ussr_0";"OKB-155
MiG-9 | Obrazets 1948
NATO Designation: Fargo"
"mig-9_ussr_1";"MiG-9 Fargo (1948)"
"mig-9_ussr_2";"MiG-9 (1948)"
#
"la_200_toriy_shop";"La-200"
"la_200_toriy_0";"OKB-301 ""Lavochkin""
La-200"
"la_200_toriy_1";"La-200"
"la_200_toriy_2";"La-200"
#
"la-15_shop";"La-15 Fantail"
"la-15_0";"OKB-301 ""Lavochkin""
La-15
NATO Designation: Fantail"
"la-15_1";"La-15 Fantail"
"la-15_2";"La-15"
#
"la_174_shop";"La-174 Fantail"
"la_174_0";"OKB-301 ""Lavochkin""
La-174
NATO Designation: Fantail"
"la_174_1";"La-174 Fantail"
"la_174_2";"La-174"
#
"il_28_shop";"Il-28 Beagle-A"
"il_28_0";"OKB-39 ""Ilyushin""
Il-28
NATO Designation: Beagle-A"
"il_28_1";"Il-28 Beagle-A"
"il_28_2";"Il-28"
#
"il_28sh_shop";"Il-28Sh Beagle-B"
"il_28sh_0";"OKB-39 ""Ilyushin""
Il-28Sh
NATO Designation: Beagle-B"
"il_28sh_1";"Il-28Sh Beagle-B"
"il_28sh_2";"Il-28Sh"
#
"su-11_shop";"Su-11 (1947)"
"su-11_0";"OKB-51 ""Sukhoi"" | Su-11 | ""Aircraft KL"" (1947)"
"su-11_1";"Su-11 (1947)"
"su-11_2";"Su-11 (1947)"
#
"su-9_shop";"Su-9 (1946)"
"su-9_0";"OKB-51 ""Sukhoi"" | Su-9 | ""Aircraft K"" (1946)"
"su-9_1";"Su-9 (1946)"
"su-9_2";"Su-9 (1946)"
#
"l_39za_shop";"L-39ZA Albatros"
"l_39za_0";"AERO Vodochody AEROSPACE a.s.
L-39ZA Albatros"
"l_39za_1";"L-39ZA Albatros"
"l_39za_2";"L-39ZA"
#
"mig_27m_shop";"MiG-27M Flogger-J"
"mig_27m_0";"OKB-155 ""A.I. Mikoyana""
MiG-27M
NATO Designation: Flogger-J"
"mig_27m_1";"MiG-27M Flogger-J"
"mig_27m_2";"MiG-27M"
#
"mig_27k_shop";"MiG-27K Flogger-J2"
"mig_27k_0";"OKB-155 ""A.I. Mikoyana""
MiG-27K
NATO Designation: Flogger-J2"
"mig_27k_1";"MiG-27K Flogger-J2"
"mig_27k_2";"MiG-27K"
#
"i-15_1934_shop";"I-15 Chaika (1933)"
"i-15_1934_0";"N. Polikarpov OKB | I-15 Chaika (1933)"
"i-15_1934_1";"I-15 Chaika (1933)"
"i-15_1934_2";"I-15 (1933)"
#
"i-15_1935_shop";"I-15 Chaika (1934)"
"i-15_1935_0";"N. Polikarpov OKB | I-15 Chaika (1934)"
"i-15_1935_1";"I-15 Chaika (1934)"
"i-15_1935_2";"I-15 (1934)"
#
"i-15_1935_moscow_shop";"I-15 Chaika (1936)"
"i-15_1935_moscow_0";"N. Polikarpov OKB | I-15 Chaika (1936)"
"i-15_1935_moscow_1";"I-15 Chaika (1936)"
"i-15_1935_moscow_2";"I-15 (1936)"
#
"i-16_type5_shop";"I-16-5 Ishak"
"i-16_type5_0";"N. Polikarpov OKB | I-16 Ishak | Type 5 (1935)"
"i-16_type5_1";"I-16-5 Ishak"
"i-16_type5_2";"I-16-5"
#
"i-16_type10_shop";"I-16-10 Ishak"
"i-16_type10_0";"N. Polikarpov OKB | I-16 Ishak | Type 10 (1938)"
"i-16_type10_1";"I-16-10 Ishak"
"i-16_type10_2";"I-16-10"
#
"i-16_type18_shop";"I-16-18 Ishak"
"i-16_type18_0";"N. Polikarpov OKB | I-16 Ishak | Type 18 (1939)"
"i-16_type18_1";"I-16-18 Ishak"
"i-16_type18_2";"I-16-18"
#
"i-16_type24_shop";"I-16-24 Ishak"
"i-16_type24_0";"N. Polikarpov OKB | I-16 Ishak | Type 24 (1939)"
"i-16_type24_1";"I-16-24 Ishak"
"i-16_type24_2";"I-16-24"
#
"mig_3_series_1_15_shop";"I-230"
"mig_3_series_1_15_0";"OKB-155 ""Mikoyan i Gurevich"" | I-230 | 1941 MiG-3U Prototype"
"mig_3_series_1_15_1";"I-230"
"mig_3_series_1_15_2";"I-230"
#
"i-15bis_shop";"I-15bis Chaika"
"i-15bis_0";"N. Polikarpov OKB | I-15bis Chaika (1938)"
"i-15bis_1";"I-15bis Chaika"
"i-15bis_2";"I-15bis"
#
"i-153_m62_shop";"I-15-3/M-62 Chaika"
"i-153_m62_0";"N. Polikarpov OKB | I-15 Chaika | Type 3 | M-62 Engine (1939)"
"i-153_m62_1";"I-15-3/M-62 Chaika"
"i-153_m62_2";"I-15-3/M-62"
#
"bb-1_shop";"BB-1"
"bb-1_0";"OKB-51 Sukhoi | Blizhniy Bombardirovschik-1 | 1939 Su-2 Prototype"
"bb-1_1";"BB-1"
"bb-1_2";"BB-1"
#
"pe-3_early_shop";"Pe-3 Peshka (1941)"
"pe-3_early_0";"NKVD Central Design Bureau №29 ""Petlyakov"" | Pe-3 Peshka (1941)"
"pe-3_early_1";"Pe-3 Peshka (1941)"
"pe-3_early_2";"Pe-3 (1941)"
#
"pe-3_shop";"Pe-3 Peshka (1942)"
"pe-3_0";"NKVD Central Design Bureau №29 ""Petlyakov"" | Pe-3 Peshka (1942)"
"pe-3_1";"Pe-3 Peshka (1942)"
"pe-3_2";"Pe-3 (1942)"
#
"yak_2_kabb_shop";"Yak-2 KABB"
"yak_2_kabb_0";"OKB-115 ""Yakovlev"" | Yak-2 | Kombinirovnnoy Artilleriysko Bombardirovochnoy Batareyey (1940)"
"yak_2_kabb_1";"Yak-2 KABB"
"yak_2_kabb_2";"Yak-2 KABB"
#
"sb_2m_100_shop";"SB (1936)"
"sb_2m_100_0";"OKB-156 ""Tupolev"" | Skorostnoi Bombardirovschik (1936)"
"sb_2m_100_1";"SB (1936)"
"sb_2m_100_2";"SB (1936)"
#
"sb_2m_103c_shop";"SB (1938)"
"sb_2m_103c_0";"OKB-156 ""Tupolev"" | Skorostnoi Bombardirovschik (1938)"
"sb_2m_103c_1";"SB (1938)"
"sb_2m_103c_2";"SB (1938)"
#
"yak-4_shop";"Yak-4"
"yak-4_0";"OKB-115 ""Yakovlev"" | Yak-4"
"yak-4_1";"Yak-4"
"yak-4_2";"Yak-4"
#
"ar_2_shop";"Ar-2"
"ar_2_0";"Tsentral'nyy Aerogidrodinamicheskiy Institut (TsAGI) | Ar-2"
"ar_2_1";"Ar-2"
"ar_2_2";"Ar-2"
#
"sb_2m_103u_shop";"SB-2M (1940)"
"sb_2m_103u_0";"OKB-156 ""Tupolev"" | Skorostnoi Bombardirovschik-2M (1940)"
"sb_2m_103u_1";"SB-2M (1940)"
"sb_2m_103u_2";"SB-2M (1940)"
#
"sb_2m_105_shop";"SB-2M (1941)"
"sb_2m_105_0";"OKB-156 ""Tupolev"" | Skorostnoi Bombardirovschik-2M (1941)"
"sb_2m_105_1";"SB-2M (1941)"
"sb_2m_105_2";"SB-2M (1941)"
#
"po-2_shop";"Po-2 Kukuruznik"
"po-2_0";"N. Polikarpov OKB | Po-2 Kukuruznik (1929)"
"po-2_1";"Po-2 Kukuruznik"
"po-2_2";"Po-2"
#
"po-2m_shop";"Po-2M Kukuruznik"
"po-2m_0";"N. Polikarpov OKB | Po-2M Kukuruznik (1931)"
"po-2m_1";"Po-2M Kukuruznik "
"po-2m_2";"Po-2M"
#
"su-2_m82_shop";"Su-2/M-82"
"su-2_m82_0";"OKB-51 Sukhoi | Su-2 | M-82 Engine"
"su-2_m82_1";"Su-2/M-82"
"su-2_m82_2";"Su-2/M-82"
#
"su-2_mv5_shop";"Su-2 MV-5"
"su-2_mv5_0";"OKB-51 Sukhoi | Su-2 | MV-5 Dorsal Turret"
"su-2_mv5_1";"Su-2 MV-5"
"su-2_mv5_2";"Su-2 MV-5"
#
"su-2_tss1_shop";"Su-2 TSS-1"
"su-2_tss1_0";"OKB-51 Sukhoi | Su-2 | TSS-1 Turret"
"su-2_tss1_1";"Su-2 TSS-1"
"su-2_tss1_2";"Su-2 TSS-1"
#
"mbr-2_shop";"MBR-2bis Korova"
"mbr-2_0";"OKB-49 Beriev | MBR-2bis Korova (1935)"
"mbr-2_1";"MBR-2bis Korova"
"mbr-2_2";"MBR-2bis"
#
"i-15bis_krasnolutsky_shop";"I-15bis [Krasnolutsky]"
"i-15bis_krasnolutsky_0";"N. Polikarpov OKB | Krasnolutsky's I-15bis (1938)"
"i-15bis_krasnolutsky_1";"I-15bis [Krasnolutsky]"
"i-15bis_krasnolutsky_2";"I-15bis [Krasnolutsky]"
#
"pby-5a_shop";"▂PBY-5A Catalina"
"pby-5a_0";"▂Consolidated Aircraft | PBY-5A Catalina"
"pby-5a_1";"▂PBY-5A Catalina"
"pby-5a_2";"▂PBY-5A"
#
"hp52_hampden_tbmk1_ussr_utk1_shop";"▂Hampden Mk.I UTK-1"
"hp52_hampden_tbmk1_ussr_utk1_0";"▂Handley Page | HP.52 Hampden | Mk.I | UTK-1 Dorsal Turret"
"hp52_hampden_tbmk1_ussr_utk1_1";"▂Hampden Mk.I UTK-1"
"hp52_hampden_tbmk1_ussr_utk1_2";"▂Hampden Mk.I UTK-1"
#
"i-153_m62_zhukovskiy_shop";"I-153 Chaika [Zhukovsky]"
"i-153_m62_zhukovskiy_0";"N. Polikarpov OKB | Zhukovsky's I-15 Chaika | Type 3 (1939)"
"i-153_m62_zhukovskiy_1";"I-153 Chaika [Zhukovsky]"
"i-153_m62_zhukovskiy_2";"I-153 [Zhukovsky]"
#
"p-40e_ussr_shop";"☭P-40E-1 Kittyhawk"
"p-40e_ussr_0";"☭Curtiss-Wright Corporation | P-40E-1 Kittyhawk | Block 1"
"p-40e_ussr_1";"☭P-40E-1 Kittyhawk"
"p-40e_ussr_2";"☭P-40E-1"
#
"i_29_shop";"I-29"
"i_29_0";"OKB-115 ""Yakovlev"" | I-29 (1940)"
"i_29_1";"I-29"
"i_29_2";"I-29"
#
"hurricanemkii_ussr_shop";"☭Hurricane Mk.IIB"
"hurricanemkii_ussr_0";"☭Hawker Aircraft | Hurricane | Mk.IIB"
"hurricanemkii_ussr_1";"☭Hurricane Mk.IIB"
"hurricanemkii_ussr_2";"☭Hurricane Mk.IIB"
#
"il_2_m82_shop";"Il-2/M-82IR Sturmovik"
"il_2_m82_0";"OKB-39 ""Ilyushin"" | Il-2 Sturmovik | M-82IR Engine"
"il_2_m82_1";"Il-2/M-82IR Sturmovik "
"il_2_m82_2";"Il-2/M-82IR"
#
"i-153p_shop";"I-153P Chaika"
"i-153p_0";"N. Polikarpov OKB | I-15 Chaika | Type 3 | Pushechnyy"
"i-153p_1";"I-153P Chaika"
"i-153p_2";"I-153P"
#
"i_180_shop";"I-180S"
"i_180_0";"N. Polikarpov OKB | I-180S"
"i_180_1";"I-180S"
"i_180_2";"I-180S"
#
"p-39k_1_shop";"☭P-39K-1 Aircobra"
"p-39k_1_0";"☭Bell Aircraft | P-39K-1 Aircobra | Model 26A"
"p-39k_1_1";"☭P-39K-1 Aircobra"
"p-39k_1_2";"☭P-39K-1"
#
"lagg-3-34_shop";"LaGG-3-34"
"lagg-3-34_0";"OKB-301 ""Lavochkin"" | LaGG-3 | 34th Series"
"lagg-3-34_1";"LaGG-3-34"
"lagg-3-34_2";"LaGG-3-34"
#
"lagg-i-301_shop";"I-301"
"lagg-i-301_0";" OKB-301 ""Lavochkin"" | I-301 | 1940 LaGG-3 Prototype"
"lagg-i-301_1";"I-301"
"lagg-i-301_2";"I-301"
#
"yak-1_early_shop";"Yak-1"
"yak-1_early_0";"OKB-115 ""Yakovlev"" | Yak-1"
"yak-1_early_1";"Yak-1"
"yak-1_early_2";"Yak-1"
#
"yak-1b_shop";"Yak-1B"
"yak-1b_0";"OKB-115 ""Yakovlev"" | Yak-1B"
"yak-1b_1";"Yak-1B"
"yak-1b_2";"Yak-1B"
#
"yak-7b_shop";"Yak-7B"
"yak-7b_0";"OKB-115 ""Yakovlev"" | Yak-7B"
"yak-7b_1";"Yak-7B"
"yak-7b_2";"Yak-7B"
#
"yak-9_shop";"Yak-9 "
"yak-9_0";"OKB-115 ""Yakovlev"" | Yak-9"
"yak-9_1";"Yak-9 "
"yak-9_2";"Yak-9"
#
"yak-9b_shop";"Yak-9B"
"yak-9b_0";"OKB-115 ""Yakovlev"" | Yak-9B"
"yak-9b_1";"Yak-9B"
"yak-9b_2";"Yak-9B"
#
"mig_3_series_1_15_bk_pod_shop";"I-230 (BK)"
"mig_3_series_1_15_bk_pod_0";"OKB-155 ""Mikoyan i Gurevich"" | I-230 | MiG-3U Prototype | BK Gunpods"
"mig_3_series_1_15_bk_pod_1";"I-230 (BK)"
"mig_3_series_1_15_bk_pod_2";"I-230 (BK)"
#
"mig_3_series_34_shop";"MiG-3-34"
"mig_3_series_34_0";"OKB-155 ""Mikoyan i Gurevich"" | MiG-3 | 34th Series"
"mig_3_series_34_1";"MiG-3-34"
"mig_3_series_34_2";"MiG-3-34"
#
"i-16_type27_shop";"I-16-27 Ishak"
"i-16_type27_0";"N. Polikarpov OKB | I-16 Ishak | Type 27"
"i-16_type27_1";"I-16-27 Ishak"
"i-16_type27_2";"I-16-27"
#
"lagg-3-8_shop";"LaGG-3-8"
"lagg-3-8_0";"OKB-301 ""Lavochkin"" | LaGG-3 | 8th Series"
"lagg-3-8_1";"LaGG-3-8"
"lagg-3-8_2";"LaGG-3-8"
#
"lagg-3-11_shop";"LaGG-3-11"
"lagg-3-11_0";"OKB-301 ""Lavochkin"" | LaGG-3 | 11th Series"
"lagg-3-11_1";"LaGG-3-11"
"lagg-3-11_2";"LaGG-3-11"
#
"lagg-3-35_shop";"LaGG-3-35"
"lagg-3-35_0";"OKB-301 ""Lavochkin"" | LaGG-3 | 35th Series"
"lagg-3-35_1";"LaGG-3-35"
"lagg-3-35_2";"LaGG-3-35"
#
"lagg-3-66_shop";"LaGG-3-66"
"lagg-3-66_0";"OKB-301 ""Lavochkin"" | LaGG-3 | 66th Series"
"lagg-3-66_1";"LaGG-3-66"
"lagg-3-66_2";"LaGG-3-66"
#
"la-5_type37_early_shop";"La-5"
"la-5_type37_early_0";"OKB-301 ""Lavochkin"" | La-5"
"la-5_type37_early_1";"La-5"
"la-5_type37_early_2";"La-5"
#
"la-5_type39_shop";"La-5F"
"la-5_type39_0";"OKB-301 ""Lavochkin"" | La-5F"
"la-5_type39_1";"La-5F"
"la-5_type39_2";"La-5F"
#
"il_2_1941_shop";"Il-2 Sturmovik (1941)"
"il_2_1941_0";"OKB-39 ""Ilyushin"" | Il-2 Sturmovik (1941)"
"il_2_1941_1";"Il-2 Sturmovik (1941)"
"il_2_1941_2";"Il-2 (1941)"
#
"il-2i_shop";"Il-2 Sturmovik (1942)"
"il-2i_0";"OKB-39 ""Ilyushin"" | Il-2 Sturmovik (1942)"
"il-2i_1";"Il-2 Sturmovik (1942)"
"il-2i_2";"Il-2 (1942)"
#
"il_2_37_1943_shop";"Il-2M3M Sturmovik"
"il_2_37_1943_0";"OKB-39 ""Ilyushin"" | Il-2M Sturmovik | Type 3M"
"il_2_37_1943_1";"Il-2M3M Sturmovik"
"il_2_37_1943_2";"Il-2M3M"
#
"pe-3_bis_shop";"Pe-3bis Peshka"
"pe-3_bis_0";"NKVD Central Design Bureau №29 ""Petlyakov"" | Pe-3bis Peshka"
"pe-3_bis_1";"Pe-3bis Peshka"
"pe-3_bis_2";"Pe-3bis"
#
"db_3b_shop";"DB-3B"
"db_3b_0";"OKB-39 ""Ilyushin"" | Dalniy Bombardirovshchik-3B"
"db_3b_1";"DB-3B"
"db_3b_2";"DB-3B"
#
"il-4_shop";"Il-4 Bob"
"il-4_0";"OKB-39 ""Ilyushin"" | Il-4 Bob"
"il-4_1";"Il-4 Bob"
"il-4_2";"Il-4"
#
"pe-2-1_shop";"Pe-2-1 Peshka"
"pe-2-1_0";"NKVD Central Design Bureau №29 ""Petlyakov"" | Pe-2-1 Peshka"
"pe-2-1_1";"Pe-2-1 Peshka"
"pe-2-1_2";"Pe-2-1"
#
"su_30mk2v_venezuela_shop";"◡Su-30MK2 Flanker-G+"
"su_30mk2v_venezuela_0";"<color=@linkTextHoverColorLight>PAO Kompaniya ""Sukhoi""</color>
<color=@userlogColoredText>◡Su-30MK2</color>
<color=@commonTextColor>NATO Designation</color>: Flanker-G+"
"su_30mk2v_venezuela_1";"◡Su-30MK2 Flanker-G+"
"su_30mk2v_venezuela_2";"◡Su-30MK2"
#
"yak_1_litvyak_shop";"Yak-1 [Litvyak]"
"yak_1_litvyak_0";"OKB-115 S. A. Yakovlev
Litvyak's Yak-1"
"yak_1_litvyak_1";"Yak-1 [Litvyak]"
"yak_1_litvyak_2";"Yak-1 [Litvyak]"
#
mig_25pd_shop;MiG-25PD Foxbat-E
mig_25pd_0;"<color=@linkTextHoverColorLight>OKB-155 ""A.I. Mikoyana""</color>
<color=@userlogColoredText>MiG-25PD</color>
<color=@commonTextColor>NATO Designation</color>: Foxbat-E"
mig_25pd_1;MiG-25PD Foxbat-E
mig_25pd_2;MiG-25PD
#
su_30sm2_shop;Su-30SM2 Flanker-H
su_30sm2_0;"<color=@linkTextHoverColorLight>PAO Kompaniya ""Sukhoi""</color>
<color=@userlogColoredText>Su-30SM2</color>
<color=@commonTextColor>NATO Designation</color>: Flanker-H"
su_30sm2_1;Su-30SM2 Flanker-H
su_30sm2_2;Su-30SM2
#
mig_29_9_12_shop;MiG-29 Fulcrum-A
mig_29_9_12_0;"<color=@linkTextHoverColorLight>OKB-155 ""A.I. Mikoyana""</color>
<color=@userlogColoredText>MiG-29</color> | Izdeliye 9-12
<color=@commonTextColor>NATO Designation</color>: Fulcrum-A"
mig_29_9_12_1;MiG-29 Fulcrum-A
mig_29_9_12_2;MiG-29
#
mig_29m_9_15_shop;MiG-29M Fulcrum-E
mig_29m_9_15_0;"<color=@linkTextHoverColorLight>RSO Korporatsiya ""MiG""</color>
<color=@userlogColoredText>MiG-29M</color> | Izdeliye 9-15
<color=@commonTextColor>NATO Designation</color>: Fulcrum-E"
mig_29m_9_15_1;MiG-29M Fulcrum-E
mig_29m_9_15_2;MiG-29M
#
tu_95m_shop;Tu-95M Bear-A
tu_95m_0;"<color=@linkTextHoverColorLight>OKB-156 ""A.N. Tupolev""</color>
<color=@userlogColoredText>Tu-95M</color>
<color=@commonTextColor>NATO Designation</color>: Bear-A"
tu_95m_1;Tu-95M Bear-A
tu_95m_2;Tu-95M
#
mig_29kr_9_41r_shop;MiG-29KR Fulcrum-D
mig_29kr_9_41r_0;"<color=@linkTextHoverColorLight>RSO Korporatsiya ""MiG""</color>
<color=@userlogColoredText>MiG-29KR</color> | Izdeliye 9-41R
<color=@commonTextColor>NATO Designation</color>: Fulcrum-D"
mig_29kr_9_41r_1;MiG-29KR Fulcrum-D
mig_29kr_9_41r_2;MiG-29KR
#
yak_130_early_shop;Yak-130 Mitten
yak_130_early_0;"<color=@linkTextHoverColorLight>OAO ""OKB A. S. Yakovleva""</color>
<color=@userlogColoredText>Yak-130</color>
<color=@commonTextColor>NATO Designation</color>: Mitten"
yak_130_early_1;Yak-130 Mitten
yak_130_early_2;Yak-130
#
nt_tu_95m_shop;Tu-95M Bear-A
nt_tu_95m_0;"<color=@linkTextHoverColorLight>OKB-156 ""A.N. Tupolev""</color>
<color=@userlogColoredText>Tu-95M</color>
<color=@commonTextColor>NATO Designation</color>: Bear-A"
nt_tu_95m_1;Tu-95M Bear-A
nt_tu_95m_2;Tu-95M
#
nt_mig_23mld_shop;MiG-23MLD Flogger-K
nt_mig_23mld_0;"<color=@linkTextHoverColorLight>OKB-155 ""A.I. Mikoyana""</color>
<color=@userlogColoredText>MiG-23MLD</color> | Izdeliye 23-18
<color=@commonTextColor>NATO Designation</color>: Flogger-K "
nt_mig_23mld_1;MiG-23MLD Flogger-K
nt_mig_23mld_2;MiG-23MLD
#
nt_su_24m_shop;Su-24M Fencer-D
nt_su_24m_0;"<color=@linkTextHoverColorLight>PAO Kompaniya ""Sukhoi""</color>
<color=@userlogColoredText>Su-24M</color>
<color=@commonTextColor>NATO Designation</color>: Fencer-D"
nt_su_24m_1;Su-24M Fencer-D
nt_su_24m_2;Su-24M
#
nt_su_25t_shop;Su-25T Grach
nt_su_25t_0;"<color=@linkTextHoverColorLight>OKB-51 ""P.O. Sukhoi""</color>
<color=@userlogColoredText>Su-25T Grach</color>
<color=@commonTextColor>NATO Designation</color>: Frogfoot"
nt_su_25t_1;Su-25T Grach
nt_su_25t_2;Su-25T
#
db_lk_shop;DB-LK
db_lk_0;"<color=@linkTextHoverColorLight>Viktor Nikolayevich Belyaev</color>
<color=@userlogColoredText>DB-LK</color> | Dahl'niy Bombardirovshchik-LK"
db_lk_1;DB-LK
db_lk_2;DB-LK
#
tu-1_shop;Tu-1
tu-1_0;"OKB-156 ""Tupolev"" | Tu-1"
tu-1_1;Tu-1
tu-1_2;Tu-1
#
j_22m1a_shop;᛭J-22M1A Orao
j_22m1a_0;"Soko Vazduhoplovna Industrija, RO Vazduhoplovstvo
᛭J-22M1A Orao"
j_22m1a_1;᛭J-22M1A Orao
j_22m1a_2;᛭J-22M1A
#
"shop/group/ar_group";"Ar-2/SB-2"
"shop/group/db_3_group";"DB-3B/Il-4 Bob"
"shop/group/il-2i_group";"Il-2 Sturmovik"
"shop/group/la_5_group";"La-5/5F"
"shop/group/yak-9tk_group";"Yak-9T/K"
"shop/group/yak-3up_group";"Yak-3U/9UT"
"shop/group/il_28_group";"Il-28 Beagle"
"shop/group/la_200_group";"La-200/La-15"
"shop/group/su-7_group";"Su-7B/BKL Fitter"
"shop/group/mig-19_group";"MiG-19/MiG-21"
"shop/group/mig_27_group";"MiG-27 Flogger"
"shop/group/mig-23m_group";"MiG-23 Flogger"
"shop/group/mig-21_group";"MiG-21 Fishbed"
"shop/group/mig-15_group";"MiG-15 Fagot"
"shop/group/mig-9_group";"MiG-9 Fargo"
"shop/group/il-10_group";"Il-10 Beast"
"shop/group/yak-1_group";"Yak-1"
"shop/group/yak-9_group";"Yak-9/9B"
"shop/group/yak-3_group";"Yak-3/9U"
"shop/group/yak-9u_group";"Yak-9U"
"shop/group/er-2_ach30b_group";"Yer-2 (1940-41)"
"shop/group/lagg-3_late_group";"LaGG-3-35/66"
"shop/group/pe-2_early_group";"Pe-2 Peshka (Early)"
"shop/group/pe-2_late_group";"Pe-2 Peshka (Late)"
"shop/group/tu-2_group";"Tu-2"
"shop/group/er-2_late_group";"Yer-2 (1940-41)"
"shop/group/il-2m_group";"Il-2M Sturmovik"
"shop/group/lagg-3_group";"LaGG-3-8/11"
